<?xml version="1.0" encoding="UTF-8"?>
<project-private xmlns="http://www.netbeans.org/ns/project-private/1">
    <editor-bookmarks xmlns="http://www.netbeans.org/ns/editor-bookmarks/2" lastBookmarkId="0"/>
    <open-files xmlns="http://www.netbeans.org/ns/projectui-open-files/2">
        <group>
            <file>file:/C:/Users/Daniel%20Phillips/Documents/UWI/Year%203/ECNG%203006/Projects/MAIN.X/main.c</file>
            <file>file:/C:/Users/Daniel%20Phillips/Documents/UWI/Year%203/ECNG%203006/Projects/MAIN.X/openxlcd.c</file>
            <file>file:/C:/Users/Daniel%20Phillips/Documents/UWI/Year%203/ECNG%203006/Projects/MAIN.X/xlcd2.h</file>
            <file>file:/C:/Users/Daniel%20Phillips/Documents/UWI/Year%203/ECNG%203006/Projects/MAIN.X/display.c</file>
            <file>file:/C:/Users/Daniel%20Phillips/Documents/UWI/Year%203/ECNG%203006/Projects/MAIN.X/wcmdxlcd.c</file>
            <file>file:/C:/Users/Daniel%20Phillips/Documents/UWI/Year%203/ECNG%203006/Projects/MAIN.X/tempsen2.c</file>
            <file>file:/C:/Users/Daniel%20Phillips/Documents/UWI/Year%203/ECNG%203006/Projects/MAIN.X/writdata.c</file>
            <file>file:/C:/Users/Daniel%20Phillips/Documents/UWI/Year%203/ECNG%203006/Projects/MAIN.X/busyxlcd.c</file>
            <file>file:/C:/Users/Daniel%20Phillips/Documents/UWI/Year%203/ECNG%203006/Projects/MAIN.X/tempsen.c</file>
        </group>
    </open-files>
</project-private>
